First Name	Last Name	Account Name	Mobile Phone	Email Address	Lead Source	Sales Stage	Interest	Reason	How you heard about us	ID	Salutation	Title	Department	Account Description	Website	Non Primary E-mails	Office Phone	Home Phone	Other Phone	Fax	Primary Address Street	Primary Address City	Primary Address State	Primary Address Postalcode	Primary Address Country	Alt Address Street	Alt Address City	Alt Address State	Alt Address Postalcode	Alt Address Country	Status	Status Description	Lead Source Description	Description	Converted	Opportunity Name	Opportunity Amount	Campaign ID	Do Not Call	Portal Name	Portal Application	Reports To ID	Assistant	Assistant Phone	Birthdate	Contact ID	Account ID	Opportunity ID	Assigned User Name	Assigned User ID	Date Created	Date Modified	Created By ID	Modified By ID	Deleted	Photo	Buying Power	intended course of study	Address	Geocode Status	Latitude	Longitude
	Amedu Philip	Amedu Philip	8159075106	jazperphilip@yahoo.com	Web Site	Closed Lost			Facebook																																																					
	Ajayi Oluwabemisola	Ajayi Oluwabemisola	8097190904	gbemisolaitan@gmail.com	Web Site	Nurture	Yes		Facebook																																																					
	Oluwatosin Kehinde	Oluwatosin Kehinde	8052165017	kehindeoluwatosin@gmail.com	Web Site	Closed Lost	Yes		Facebook																																																					
	Charles Morah	Charles Morah	7037277449	morah544@gmail.com	Web Site	Closed Lost	Yes		Blog post																																																					
	Oyewumi Qudus	Oyewumi Qudus	8024663278	successman99@yahoo.com	Web Site	Closed Lost	No		Facebook																																																					
	Afeeez Ayomi	Afeeez Ayomi	7069380612	salfez@yahoo.com	Web Site	Closed Lost			Facebook																																																					
	Ojedeji Adeola	Ojedeji Adeola	8185209550	ojedejitomiwa@gmail.com	Web Site	Closed Lost			Facebook																																																					
	Akinlose Oluwaseun	Akinlose Oluwaseun	9038701777	akinloseoluwaseun@gmail.com	Web Site	Closed Lost	Yes		Facebook																																																					
	Famoud Richard	Famoud Richard	8077221708	2weeks36@gmail.com	Web Site	Closed Lost			Blog post																																																					
	Jonathan Brown Okezie	Jonathan Brown Okezie	8173649288	okezielinathybrownjonathan@gmail.com	Web Site	Nurture	Yes		Facebook																																																					
	Adeyemo Jemimah	Adeyemo Jemimah	8148580674	nimahdhaveed@gmail.com	Web Site	Closed Lost			Facebook																																																					
	Buhari Abubakar	Buhari Abubakar	7034985168	buhariabubakar763@gmail.com	Web Site	Nurture	Yes		Facebook																																																					
	Sunday Ajadi	Sunday Ajadi	8054484371	ajadisunday84@gmail.com	Web Site	Nurture	Yes		Google search																																																					
	Abayomi Akintoye	Abayomi Akintoye	8029725996	yomi5000@hotmail.com	Web Site	Closed Lost			Twitter																																																					
	Janet chinyam	Janet chinyam	8134826647	janealex82@yahoo.com	Web Site	Closed Lost	Yes		Facebook																																																					
	Adams Daniel	Adams Daniel	8035976254	danisreal@yahoo.com	Web Site	Nurture	Yes		Blog post																																																					
	Adedeji Jackson	Adedeji Jackson	8037487735	jacksonadedeji@gmail.com	Web Site	Nurture	Yes		Google search																																																					
	Daniel Utor	Daniel Utor	7064872103	danielutor@gmail.com	Web Site	Nurture	Yes		Facebook																																																					
	Ginnika Jennifer	Ginnika Jennifer	8103822113	ginikaodimegwu@gmail.com	Web Site	Nurture	Yes		Facebook																																																					
	Izunna Chidi	Izunna Chidi	8097280637	chidi@gmail.com	Web Site	Closed Lost	Yes		Blog post																																																					
	Olawale Olaseni	Olawale Olaseni	7062228559	olaseni_wale@yahoo.com	Web Site	Nurture	Yes		Google search																																																					
	Rotimi Bosede	Rotimi Bosede	7036065869	boserotimi68@gmail.com	Web Site	Nurture	Yes		Facebook																																																					
	Oladele Adolay	Oladele Adolay	8067226878	deleafolayan@gmail.com	Web Site	Closed Lost	Yes		Google search																																																					
	Aremu Abolaji	Aremu Abolaji	7016948668	jmercysports@gmail.com	Web Site	Closed Lost			Facebook																																																					
	Joel Osakwe	Joel Osakwe	8117142776	joelkush1516@gmail.com	Web Site	Nurture	yes		Linkedin																																																					
	Isioa Ese	Isioa Ese	7038978225	Isoaese@gmail.com	Web Site	Nurture	yes		Facebook																																																					
	Garba Usman	Garba Usman	8030942327	garbausman@yahoo.com	Web Site	Closed Lost	yes		Facebook																																																					
	Ibitamuno Hart	Ibitamuno Hart	8169468686	maudlin.hart@yahoo.com	Web Site				Facebook																																																					
	Ochuko Victory	Ochuko Victory	8038157265	ochis4victory@gmail.com	Web Site	Nurture	yes		Facebook																																																					
	benjamin Ogaba	benjamin Ogaba			Web Site	Closed Lost																																																								
	Oluchi Christiana	Oluchi Christiana			Web Site	Closed Lost																																																								
	Akinbode Ojo	Akinbode Ojo			Web Site	Closed Lost																																																								
	John musa	John musa			Web Site	Closed Lost																																																								
	Olaleye Victor	Olaleye Victor			Web Site	Closed Lost																																																								
	Feyisayo Awotipe	Feyisayo Awotipe			Web Site	Closed Lost																																																								
	Philip Amodu	Philip Amodu			Web Site	Closed Lost																																																								
	Tolulope Omotola Adebayo	Tolulope Omotola Adebayo			Web Site	Closed Lost																																																								
	Shimaior Avalumun	Shimaior Avalumun			Web Site	Closed Lost																																																								
	Osagie Osamede David	Osagie Osamede David			Web Site	Closed Lost																																																								
	Prince Prefa	Prince Prefa			Web Site	Closed Lost																																																								
	Kennedy ikechukwu Okrakpor	Kennedy ikechukwu Okrakpor			Web Site	Closed Lost																																																								
	James Igbokwe	James Igbokwe			Web Site	Closed Lost																																																								
	OCHUKO VICTORY AKPEVWESE	OCHUKO VICTORY AKPEVWESE			Web Site	Closed Lost																																																								
	Amaechi Eze	Amaechi Eze			Web Site	Closed Lost																																																								
	Elizabeth Ekpukhoh	Elizabeth Ekpukhoh		lizzyjee@yahoo.com	Web Site	Nurture			Facebook																																																					
	Oriyomi Olatiboye	Oriyomi Olatiboye			Web Site	Closed Lost																																																								
	Olumuyiwa Sobayo	Olumuyiwa Sobayo			Web Site	Nurture																																																								
	Kpoochukwu Chidinmma	Kpoochukwu Chidinmma			Web Site	Closed Lost																																																								
	OLADOYINBO Moturayo	OLADOYINBO Moturayo			Web Site	Closed Lost																																																								
	Regina Ojali Salifu	Regina Ojali Salifu			Web Site	Nurture																																																								
	olayiwola kazeem	olayiwola kazeem			Web Site	Closed Lost																																																								
	oluwatosin Ajayi	oluwatosin Ajayi			Web Site	Closed Lost																																																								
	Adetoun Adetunji	Adetoun Adetunji			Web Site	Closed Lost																																																								
	Akuma Esther	Akuma Esther		Sharonchichi8@gmail.com	Web Site	Closed Lost			Google search																																																					
	AITCHEDJI RAPHAEL	AITCHEDJI RAPHAEL		princeraphzy@gmail.com	Web Site	Closed Lost			Google search																																																					
